Id,Area,Bedrooms,Price
1,1360,5,149919
2,4272,5,424998
3,3592,2,266746
4,966,4,244020
5,4926,1,636056
6,3944,1,93262
7,3671,1,448722
8,3419,2,594893
9,630,2,652878
10,2185,3,340375
11,1269,1,653685
12,2891,4,127123
13,2933,4,849947
14,1684,1,399355
15,3885,1,481838
16,4617,1,853032
17,3404,2,208964
18,974,2,905742
19,1582,2,989305
20,3058,5,218767
21,2547,4,996357
22,3247,4,709789
23,1475,3,709966
24,2306,2,447694
25,689,5,688668
26,3234,5,527032
27,3505,4,745494
28,2399,2,513179
29,1767,3,948212
30,2028,2,206547
31,3702,1,902609
32,4056,2,727090
33,4390,1,202185
34,1146,1,725371
35,3388,3,105746
36,2935,4,959507
37,1100,2,748213
38,2863,1,921627
39,2561,2,873250
40,741,4,218393
41,2541,4,333453
42,3324,5,986192
43,3112,4,340320
44,1863,3,643167
45,1978,1,641880
46,3056,5,396872
47,1275,3,270084
48,4514,2,976920
49,534,1,771782
50,3652,4,845016
51,2455,1,698843
52,2085,2,405446
53,4443,5,958840
54,3573,5,593118
55,1521,5,266897
56,3961,4,826522
57,3113,3,913498
58,4343,3,840023
59,2000,1,143878
60,661,4,175407
61,4797,5,691157
62,2481,5,307716
63,1495,2,857827
64,3842,2,66738
65,4298,5,183703
66,1775,5,723265
67,1516,4,593344
68,837,3,815034
69,1378,2,560241
70,1576,3,433800
71,4493,4,689604
72,879,5,740807
73,992,3,628706
74,2562,5,873622
75,4384,5,76014
76,564,1,778359
77,3068,3,813277
78,2527,3,231350
79,3195,5,961995
80,1995,4,838212
81,891,1,534859
82,4974,5,764618
83,4061,2,540339
84,2778,2,92192
85,3599,1,941307
86,700,4,411273
87,3604,5,93923
88,2954,3,663484
89,4145,1,576683
90,1304,4,414593
91,3231,3,433891
92,3273,2,802744
93,2070,2,458995
94,3190,3,645316
95,4340,1,997226
96,1528,2,450327
97,1002,5,816751
98,4993,3,715344
99,1370,3,929608
100,4988,2,777688
101,706,1,305315
102,1984,5,339068
103,1363,1,495919
104,3290,4,344721
105,1063,4,188783
106,4691,2,659836
107,2257,2,307288
108,2178,2,543085
109,3742,4,545187
110,1559,1,699381
111,2222,1,285835
112,3814,2,971600
113,3657,5,902987
114,3125,1,401992
115,3229,4,256084
116,2097,3,844686
117,3560,3,437554
118,3193,3,803315
119,4127,5,520336
120,1863,2,973469
121,2481,4,258072
122,2163,5,298029
123,2029,4,259047
124,2538,4,415169
125,3802,2,180509
126,2737,3,812072
127,1806,2,345107
128,4529,5,577561
129,3175,5,589618
130,1782,5,202566
131,1209,2,650710
132,4913,4,958521
133,4248,4,53212
134,1163,1,282131
135,2498,5,526657
136,3945,4,661882
137,4243,1,182152
138,1995,4,344819
139,3804,5,72007
140,4263,3,688093
141,2353,5,394785
142,1791,2,670103
143,4081,4,883247
144,3957,4,919914
145,2136,2,837071
146,4196,2,375737
147,3499,3,562164
148,3652,4,128038
149,1198,4,406043
150,2660,3,840168
151,4597,1,827794
152,1354,3,66473
153,3974,5,703059
154,2207,4,175801
155,3277,2,944030
156,2233,5,660911
157,4010,4,558252
158,702,3,275097
159,3755,5,348964
160,4718,4,265933
161,4996,1,369733
162,1266,1,771167
163,4889,2,330558
164,2827,4,439522
165,3431,1,74220
166,697,3,634819
167,2430,4,422146
168,4082,3,557409
169,1108,3,747785
170,3772,1,59387
171,1647,4,295752
172,4782,5,651103
173,3897,1,601872
174,3011,1,619071
175,2294,4,745169
176,1159,4,759687
177,3311,3,698782
178,1869,4,690102
179,2486,3,300139
180,646,1,967184
181,3719,2,550228
182,3411,5,716217
183,2234,1,747621
184,2343,4,910020
185,988,5,984499
186,3476,2,296509
187,2459,2,63580
188,2885,3,592528
189,3419,5,828639
190,2302,3,395590
191,4561,1,518968
192,3869,5,940965
193,762,1,828559
194,1123,3,533663
195,1516,5,478082
196,4143,3,655262
197,2549,5,647689
198,4223,3,263165
199,3608,2,455427
200,4590,3,502201
201,2556,2,214340
202,3670,3,840078
203,2182,5,760731
204,2755,5,822411
205,1654,5,354960
206,4999,4,139460
207,3691,1,356256
208,2196,5,101048
209,4491,2,780806
210,2148,5,182850
211,1945,4,882184
212,4699,2,528193
213,4423,4,907158
214,753,2,786200
215,3683,3,994793
216,3057,1,356932
217,598,1,316891
218,2700,4,574333
219,3461,1,582046
220,4933,4,829685
221,4277,4,961508
222,3369,4,728797
223,3734,1,724945
224,4291,4,190926
225,1456,1,233148
226,4567,4,893382
227,660,5,722709
228,4993,4,801588
229,1800,2,726708
230,4487,4,215368
231,2027,3,544496
232,1718,4,69455
233,4996,2,784184
234,3604,2,515139
235,3235,1,281897
236,1454,5,482509
237,3946,4,542646
238,1545,1,662840
239,2193,5,882548
240,3936,4,432605
241,1062,3,614772
242,2985,4,997719
243,3854,2,393782
244,725,2,708764
245,1459,3,218332
246,3567,1,150647
247,1315,5,639930
248,3620,4,786091
249,516,2,882441
250,1743,1,178824
251,2705,3,823202
252,3024,2,866037
253,1569,3,685167
254,3944,4,695115
255,3065,5,317724
256,1560,2,951334
257,2827,2,317544
258,3920,4,745003
259,801,1,801545
260,4776,5,932464
261,1106,2,177319
262,3670,5,562193
263,1199,2,529389
264,1639,5,156960
265,690,3,89015
266,2800,2,383857
267,1480,5,778165
268,3475,1,982478
269,1684,3,195109
270,3827,3,527508
271,3894,1,836351
272,627,5,983671
273,2565,4,138754
274,2316,1,271775
275,1069,5,355292
276,2395,1,777513
277,3233,1,726894
278,4363,2,796355
279,4514,5,959222
280,3401,4,922510
281,2186,2,106879
282,3509,1,169894
283,654,1,640127
284,3037,1,79756
285,1909,5,718043
286,4557,5,230557
287,1284,2,279303
288,3675,4,454241
289,4841,2,724075
290,3306,3,541599
291,1037,1,545283
292,2341,1,667231
293,2955,1,792476
294,1024,2,198188
295,3450,2,611032
296,4631,1,174697
297,4615,2,530795
298,2868,5,690360
299,4347,5,445340
300,4995,2,286028
301,3201,1,743411
302,1471,2,57176
303,1666,2,927742
304,3274,2,826653
305,2482,3,508034
306,1353,5,563611
307,4646,4,199748
308,4236,4,95177
309,4269,3,533512
310,1074,2,160623
311,3761,3,575285
312,1648,3,502546
313,2215,1,546184
314,4354,5,694467
315,2991,4,297439
316,3160,2,694691
317,3624,4,978735
318,3551,4,145287
319,504,5,169574
320,1376,4,830751
321,1491,4,171509
322,4642,3,397591
323,4864,5,945954
324,4965,1,499181
325,1135,2,393288
326,2193,4,822793
327,2182,2,242589
328,619,1,929125
329,1330,2,406459
330,4175,1,538720
331,1869,3,863819
332,1240,4,54090
333,616,1,957278
334,3338,2,468161
335,1650,4,876671
336,2431,3,53743
337,1512,4,80924
338,2164,1,191268
339,1581,3,966592
340,1012,2,928247
341,3349,3,679600
342,1059,3,381004
343,4172,5,790537
344,3843,3,798378
345,4570,3,279602
346,1970,4,392543
347,1080,2,885227
348,2794,4,887985
349,3647,4,558928
350,4749,1,153976
351,2179,4,205183
352,4006,5,687854
353,3244,5,307443
354,3856,1,694256
355,4545,2,111600
356,1743,2,624310
357,3618,4,708559
358,2641,4,887329
359,3559,4,874470
360,3459,2,173323
361,2765,3,236110
362,2979,5,694566
363,2135,3,947486
364,2257,3,320041
365,4952,2,638829
366,2570,3,156968
367,3349,1,589180
368,3751,4,975775
369,4230,1,74815
370,2989,5,882044
371,2131,4,476573
372,3316,3,518304
373,1515,5,852699
374,1848,4,854700
375,3587,3,688751
376,3339,1,981767
377,835,4,514151
378,1395,3,931779
379,4046,1,240732
380,1351,5,246599
381,2187,5,244451
382,2431,5,406686
383,4246,5,746631
384,2927,2,378756
385,2068,4,188307
386,4500,4,138757
387,3238,2,459633
388,3998,3,934507
389,4413,3,346753
390,1566,5,939217
391,4880,1,304200
392,2944,3,597933
393,4607,1,506089
394,3873,4,769918
395,4469,1,374377
396,3046,4,423587
397,1253,2,204473
398,2582,2,844203
399,3274,5,517667
400,3396,3,522650
401,4685,5,510665
402,1275,4,414745
403,2125,5,535820
404,3569,1,445158
405,917,4,725748
406,614,2,961656
407,1116,3,657539
408,4474,4,631330
409,3767,4,890172
410,1325,1,246945
411,2016,3,621312
412,3646,2,728810
413,912,4,631253
414,1228,4,322201
415,3848,1,798609
416,3308,5,845415
417,1175,2,442613
418,3965,3,594283
419,3004,4,164587
420,3467,4,283076
421,3286,2,796988
422,1622,5,520897
423,4579,4,88886
424,2071,2,401169
425,2643,1,539788
426,2187,5,145149
427,4632,3,668308
428,4351,4,576961
429,3940,2,913945
430,4266,1,73466
431,2826,3,287626
432,3414,2,928977
433,4452,2,559966
434,1095,3,624694
435,1228,1,446904
436,1865,1,643572
437,4992,5,810006
438,1198,4,951011
439,895,3,587953
440,4671,3,594929
441,4860,3,475716
442,3002,1,610085
443,2319,4,790126
444,1217,5,358094
445,3282,2,992550
446,4077,2,965986
447,643,3,676627
448,3640,4,687719
449,4991,1,282275
450,3438,4,452854
451,4136,4,857605
452,3722,1,718582
453,1667,3,231136
454,3116,4,218082
455,1562,2,303301
456,2656,1,592383
457,3482,5,173554
458,3794,3,444655
459,1656,1,962046
460,1232,5,809277
461,4830,5,528766
462,1453,4,972879
463,3039,4,663311
464,3824,4,681469
465,3801,1,272310
466,2042,1,857032
467,1691,3,838898
468,3493,4,830637
469,3181,5,549344
470,1717,2,750457
471,2040,3,946366
472,3736,1,627564
473,2886,3,493333
474,4219,3,490187
475,1888,3,319072
476,2356,3,891741
477,1865,2,255719
478,999,4,746248
479,2180,5,800385
480,1010,3,749192
481,4812,3,166196
482,1824,3,59404
483,1655,4,476855
484,2327,1,783478
485,3641,1,503814
486,3986,2,687475
487,2310,1,946881
488,3423,3,601972
489,2714,3,642879
490,4686,3,431965
491,1213,2,783082
492,4102,3,314826
493,4634,1,161186
494,4022,4,817469
495,4768,4,596120
496,1743,5,591285
497,4209,1,346784
498,1581,3,520098
499,955,4,90491
500,1394,1,113043
501,1884,4,948607
502,2458,3,178568
503,3572,4,426394
504,2496,5,647013
505,4785,5,178131
506,1004,4,95520
507,1714,1,375063
508,2031,1,684157
509,3940,1,638730
510,1323,4,835313
511,1428,1,202842
512,633,3,417390
513,2605,5,752858
514,4127,3,421831
515,2352,1,572485
516,4675,3,697735
517,3433,1,635765
518,3784,4,574532
519,4798,3,915885
520,3311,4,500953
521,1750,4,227561
522,4012,2,964394
523,1756,1,907735
524,3876,5,340534
525,3986,1,584535
526,4084,5,250123
527,1896,1,765079
528,4137,4,477894
529,3830,3,531018
530,3203,3,257358
531,970,2,866015
532,1853,5,566456
533,3283,5,189148
534,3331,5,985510
535,857,4,196123
536,3519,5,447530
537,1167,3,602958
538,4968,4,543973
539,1645,1,961352
540,4685,5,60236
541,4219,5,85568
542,3245,1,681615
543,1039,5,305745
544,3279,1,422332
545,4636,4,535119
546,4275,3,328496
547,3008,1,700009
548,3279,2,309291
549,1424,1,488866
550,3456,5,453562
551,2081,4,730516
552,3824,4,105904
553,4985,1,981539
554,755,3,958573
555,2338,2,328252
556,2444,4,572247
557,509,5,839285
558,3371,5,396300
559,1297,3,316320
560,1515,4,674747
561,2324,1,469136
562,4969,5,235922
563,3636,3,187901
564,2693,4,173225
565,723,4,543406
566,4658,4,810135
567,4425,4,271738
568,4500,4,954890
569,2133,5,685181
570,2652,3,910359
571,1010,4,528076
572,884,2,954610
573,904,2,292726
574,2500,3,352811
575,3256,1,771202
576,2168,1,479059
577,1960,1,756168
578,4136,2,473759
579,3224,1,515996
580,4678,5,56611
581,2548,4,400386
582,4646,2,921044
583,1216,3,883334
584,2323,3,821812
585,2581,4,345187
586,3919,2,186343
587,2074,1,909299
588,749,1,389233
589,1173,5,895177
590,2665,5,540092
591,1270,1,240191
592,4462,3,716933
593,4863,3,726769
594,2484,5,922402
595,1577,4,336608
596,735,1,299220
597,888,5,486056
598,3537,5,692811
599,2348,1,594950
600,3314,1,854660
601,3874,3,635009
602,3778,4,712746
603,1752,4,843294
604,4481,1,614396
605,2622,2,141788
606,2650,5,518239
607,1829,5,294437
608,1858,1,811299
609,2982,2,916572
610,2517,3,732561
611,1831,1,905010
612,4844,1,99966
613,4761,5,235846
614,1858,1,322530
615,3677,1,651516
616,2628,1,196297
617,2680,5,459909
618,637,3,384341
619,3972,3,93021
620,3332,1,431059
621,4079,5,199333
622,3531,3,470594
623,4664,3,953606
624,3093,3,826934
625,4800,5,136755
626,4318,5,979441
627,4638,1,116330
628,4323,4,752726
629,4542,3,908754
630,2406,4,938750
631,1260,5,619601
632,3945,5,284729
633,1399,5,807071
634,4955,4,339176
635,3447,5,535179
636,2219,1,198430
637,780,5,898142
638,3766,2,407470
639,2387,4,398301
640,3766,2,492037
641,1166,5,78365
642,4688,1,325333
643,1171,3,519965
644,2469,5,581536
645,4656,1,54369
646,3622,4,506979
647,4400,2,975554
648,1023,2,865037
649,2893,2,886048
650,3617,4,497695
651,3093,1,415863
652,2468,4,221955
653,2253,2,607343
654,2796,5,774091
655,2761,3,428824
656,2786,4,319594
657,4702,4,183997
658,3378,1,523267
659,4643,1,100272
660,4144,4,55310
661,4932,2,81817
662,2555,3,558350
663,1776,1,536160
664,3266,2,487744
665,802,5,790176
666,1138,1,132641
667,555,2,789443
668,1025,2,781670
669,4623,3,589745
670,2625,3,92311
671,3787,5,971484
672,864,2,201958
673,2146,2,520328
674,1418,3,494093
675,3297,1,697861
676,2031,1,409571
677,3845,4,872613
678,2406,3,214334
679,3586,4,968451
680,2575,3,443238
681,1213,5,837560
682,1562,2,653810
683,2476,5,213394
684,1796,3,98929
685,625,2,655984
686,4096,1,427389
687,3783,1,846240
688,2103,4,669436
689,566,3,496098
690,732,3,858157
691,2656,1,384678
692,1669,5,352094
693,2658,2,794314
694,4706,5,133576
695,1993,5,70557
696,4507,1,596113
697,2972,1,321142
698,3160,1,86080
699,3239,4,833103
700,2261,5,238869
701,4014,3,721162
702,2475,2,978671
703,2862,4,543844
704,1376,3,616695
705,4312,5,170283
706,3948,1,63338
707,1812,5,650577
708,1960,2,514736
709,3209,4,724255
710,2824,4,228982
711,2233,2,967461
712,2105,3,159367
713,3063,3,378042
714,3921,4,970958
715,4017,4,691774
716,2897,1,398684
717,4235,3,544775
718,3370,2,788497
719,1660,3,493853
720,742,1,830343
721,3090,4,710709
722,1563,4,961848
723,4824,1,876395
724,3095,2,450966
725,1419,4,407073
726,505,5,727823
727,967,4,649223
728,4670,5,764152
729,503,1,850118
730,1145,1,549555
731,617,4,113528
732,3428,3,674099
733,3051,5,558907
734,4789,2,334931
735,1346,4,982280
736,3262,2,427757
737,1641,4,762787
738,2310,3,834429
739,1223,3,154887
740,724,3,111086
741,4708,3,938663
742,2548,1,305494
743,4915,1,558889
744,2073,5,637596
745,2328,2,327941
746,2417,4,317446
747,4734,4,506388
748,2526,1,612347
749,4244,4,181980
750,1401,1,765612
751,2539,5,523875
752,509,2,193949
753,760,5,326383
754,2173,3,77313
755,2719,3,92103
756,2560,3,229480
757,4213,5,526467
758,2119,4,138771
759,820,2,176228
760,1842,3,141665
761,2876,3,846966
762,3332,3,879492
763,3324,2,853621
764,2494,3,964863
765,3458,2,660355
766,2538,3,847399
767,3990,5,787351
768,4177,5,901995
769,1618,2,320804
770,2104,5,430815
771,4527,2,534091
772,735,5,179909
773,2469,5,483039
774,4929,2,499058
775,2408,4,190688
776,875,5,125976
777,4030,3,807496
778,3135,4,229810
779,2070,2,325251
780,3060,4,766764
781,3891,1,668470
782,3465,1,817441
783,4143,5,928219
784,4350,5,852386
785,1372,3,329087
786,1752,4,90725
787,1814,1,881866
788,3398,5,922183
789,577,4,584398
790,3121,5,548864
791,4727,5,328606
792,1100,1,391376
793,1565,1,759441
794,2636,5,496015
795,2949,2,640855
796,2843,5,532517
797,2363,5,756584
798,1818,3,439569
799,4097,3,892495
800,4262,3,163394
801,2690,2,891672
802,1492,2,917784
803,3212,5,198940
804,2692,3,393133
805,1748,2,72222
806,3554,1,129794
807,4533,5,638212
808,2497,4,674142
809,4187,5,914945
810,2651,4,834326
811,4518,3,891081
812,3610,4,415130
813,2470,3,818103
814,697,1,920181
815,3126,4,283127
816,1702,5,554434
817,2535,3,191295
818,977,5,229238
819,1754,2,89369
820,1422,3,922811
821,919,4,905824
822,2704,3,849093
823,3097,5,720951
824,1620,1,383862
825,3568,3,760595
826,1450,4,320114
827,2836,2,97922
828,2743,1,543614
829,3145,2,867187
830,2357,3,695214
831,2365,5,69416
832,3412,5,63672
833,3353,4,526684
834,3728,5,178145
835,4219,1,752356
836,3728,5,910527
837,2871,4,50064
838,3391,3,118835
839,4256,3,251457
840,4725,5,973143
841,594,2,297795
842,3174,3,454271
843,2455,5,399738
844,1293,4,996931
845,2334,5,691204
846,2616,3,956740
847,4606,4,918948
848,3825,5,901098
849,3419,1,245346
850,3097,4,954726
851,3705,1,323010
852,1314,2,53889
853,845,4,168194
854,2849,1,174714
855,862,3,605623
856,2943,3,100547
857,2765,2,207234
858,2688,4,794809
859,3505,4,730047
860,3781,4,935188
861,1484,2,323139
862,2139,4,499704
863,1327,3,52631
864,3230,1,187039
865,4031,3,924726
866,4951,3,399422
867,3435,1,638759
868,4376,3,349260
869,626,2,928548
870,3677,1,477443
871,3556,3,707302
872,1103,5,621952
873,3949,3,733429
874,4646,2,137342
875,4033,4,64407
876,3867,3,163926
877,3868,4,371345
878,4297,5,916525
879,2292,3,497564
880,3361,1,787341
881,3976,4,592166
882,3917,5,133100
883,2145,1,915061
884,1705,1,498636
885,3530,1,544308
886,3372,1,273059
887,3572,3,617456
888,2354,3,300396
889,4521,3,824769
890,3208,5,367006
891,4002,5,78004
892,1832,5,856903
893,701,2,574252
894,4007,5,666108
895,4712,3,241239
896,1074,3,676517
897,1036,2,527044
898,2125,2,901740
899,2622,5,396113
900,885,4,64568
901,3781,2,583754
902,974,1,272129
903,917,3,631612
904,4100,1,938640
905,1454,3,196539
906,1705,3,650243
907,4620,2,197748
908,2490,2,144791
909,4072,1,736874
910,4880,3,945150
911,4658,1,596938
912,3213,4,400434
913,2703,1,127701
914,3620,5,847115
915,1466,1,279164
916,3932,5,503035
917,1188,5,655266
918,4743,5,579148
919,4201,4,709089
920,841,1,605639
921,2224,1,555920
922,4922,4,374888
923,2292,3,729706
924,2259,2,956630
925,3712,1,910587
926,1489,2,171449
927,2762,4,650988
928,2982,3,809774
929,1451,3,843387
930,1222,3,307571
931,3889,4,513506
932,2579,5,487509
933,3217,5,766696
934,2832,2,858094
935,3876,5,580696
936,2000,5,745763
937,785,3,313369
938,3995,3,979700
939,2565,2,513002
940,1268,1,196444
941,3557,2,831608
942,4789,2,591567
943,2661,4,160401
944,3793,4,276801
945,1446,2,821668
946,3835,2,553575
947,4650,2,928836
948,1981,5,219259
949,2401,4,297145
950,3951,2,360625
951,4564,3,733835
952,554,3,94552
953,2323,5,249041
954,3962,5,257606
955,3579,1,804965
956,1332,1,836157
957,4908,1,450074
958,3306,5,779846
959,2990,5,124474
960,827,5,337312
961,3810,3,606387
962,3800,5,252252
963,4175,3,814742
964,3554,1,373599
965,2643,1,628528
966,1811,1,386940
967,3691,2,891024
968,3038,2,835034
969,4483,4,434325
970,664,4,302051
971,4777,4,151611
972,1322,2,632334
973,1443,2,824756
974,4925,4,66488
975,1274,4,239913
976,2698,5,430665
977,3656,4,967899
978,4742,5,758029
979,4195,3,716205
980,3952,2,741419
981,1414,4,68394
982,1808,2,930425
983,4677,2,226978
984,1013,2,109332
985,2420,3,218377
986,4094,1,92628
987,1909,4,857784
988,3690,1,529898
989,4991,1,919403
990,2055,1,101993
991,1304,2,220458
992,1779,5,939459
993,4077,2,500281
994,3401,2,956644
995,1887,1,528720
996,3261,2,556357
997,3179,1,58539
998,2606,5,182335
999,4723,4,456521
1000,3268,1,890249
1001,4453,5,991902
1002,3686,4,290310
1003,3780,3,256873
1004,3073,1,361251
1005,3099,1,999656
1006,4533,3,536476
1007,736,3,998128
1008,1804,1,965672
1009,3930,3,411799
1010,1801,2,630420
1011,3041,4,962133
1012,2551,4,155494
1013,941,4,889411
1014,2576,2,894445
1015,3680,3,275997
1016,3157,5,638085
1017,4298,3,101798
1018,1304,1,722010
1019,574,4,469230
1020,2675,3,650709
1021,4424,5,319578
1022,2589,1,866460
1023,540,2,640846
1024,2581,2,860763
1025,2122,5,117573
1026,841,1,703761
1027,4552,4,517508
1028,2574,3,227398
1029,1145,1,395123
1030,4763,2,840555
1031,1109,5,328747
1032,954,5,378085
1033,3453,3,92597
1034,2208,5,768598
1035,3972,5,920670
1036,3469,1,485935
1037,3528,4,797146
1038,3181,3,353895
1039,4129,1,962894
1040,4725,4,136978
1041,3567,1,329837
1042,1886,1,532757
1043,4276,5,218769
1044,3366,4,406668
1045,3863,3,410013
1046,4624,3,735352
1047,648,4,375969
1048,4350,5,714882
1049,2558,2,442619
1050,1636,1,881838
1051,686,5,288078
1052,3354,4,290140
1053,1750,1,717481
1054,1833,3,697659
1055,4693,2,457435
1056,4650,3,838049
1057,3211,4,93016
1058,2285,1,493888
1059,1250,4,336420
1060,2262,1,805247
1061,4420,5,384384
1062,4960,2,942724
1063,981,5,236807
1064,653,5,592247
1065,2024,4,602810
1066,2620,2,499303
1067,2843,1,453169
1068,1740,1,76567
1069,560,3,503739
1070,1438,1,112708
1071,2139,4,176206
1072,4620,5,596848
1073,4726,5,632678
1074,4069,5,700060
1075,1752,2,511365
1076,4703,1,357248
1077,671,4,632093
1078,1958,2,286109
1079,4049,3,545951
1080,4697,4,336640
1081,2822,4,788661
1082,2136,4,141257
1083,3615,5,53515
1084,4590,4,578742
1085,3504,1,287145
1086,829,4,72873
1087,4140,5,910352
1088,4394,4,325871
1089,4607,3,702664
1090,1841,3,643358
1091,4163,5,935491
1092,715,1,698852
1093,838,1,278497
1094,4562,2,691501
1095,3208,5,755339
1096,3652,4,599753
1097,2250,5,234972
1098,2921,2,634087
1099,1209,5,560237
1100,4226,5,670417
1101,4142,2,464546
1102,4493,1,713662
1103,988,4,419432
1104,546,2,293761
1105,3859,3,292821
1106,900,1,62875
1107,4490,3,601507
1108,3657,1,872614
1109,4845,4,785901
1110,890,4,485485
1111,4353,5,391925
1112,4930,3,56457
1113,1128,1,974253
1114,4732,4,83064
1115,3430,2,977325
1116,2021,4,689544
1117,1326,2,934729
1118,2000,1,808947
1119,3794,4,259727
1120,2919,4,975168
1121,1434,1,210353
1122,3542,4,832351
1123,4997,2,286887
1124,1966,4,475037
1125,4061,3,809129
1126,1114,5,992151
1127,1682,2,644206
1128,3723,3,263057
1129,3167,1,526015
1130,630,2,926611
1131,3483,5,387088
1132,4778,5,139142
1133,4959,1,77603
1134,538,1,882890
1135,4459,2,120605
1136,4087,4,331767
1137,1420,1,618728
1138,3269,4,918859
1139,4611,3,975208
1140,992,5,405970
1141,1631,4,339604
1142,4021,5,264117
1143,810,4,788165
1144,1238,3,516727
1145,3741,1,160373
1146,1045,3,974069
1147,2961,1,317014
1148,4846,1,68909
1149,2304,5,321261
1150,3712,3,299975
1151,4310,4,903906
1152,1313,3,668214
1153,4624,5,487538
1154,2532,1,177463
1155,4913,5,151536
1156,744,2,856560
1157,771,2,301981
1158,4011,4,540533
1159,2271,5,381145
1160,1762,4,836872
1161,2924,4,230685
1162,4861,2,697779
1163,1420,4,979167
1164,3930,2,547275
1165,4935,1,200619
1166,4984,5,655950
1167,3124,4,810416
1168,4260,2,50005
1169,2550,3,284152
1170,4000,4,319182
1171,1665,1,842846
1172,875,1,530875
1173,2533,3,905938
1174,645,2,913018
1175,4888,4,445822
1176,931,2,852914
1177,1204,1,804189
1178,3132,2,252945
1179,4994,1,608236
1180,1463,2,402131
1181,2734,3,272873
1182,2541,5,272322
1183,2328,3,70875
1184,2608,3,325201
1185,4568,5,82400
1186,1438,5,514674
1187,1306,4,118607
1188,1963,4,923993
1189,3915,3,339647
1190,510,3,466981
1191,2368,1,151096
1192,1384,1,620900
1193,4064,4,934750
1194,1889,4,311538
1195,3901,1,134335
1196,4821,1,413133
1197,1324,2,667300
1198,2765,2,131748
1199,1436,1,976932
1200,3300,2,736779
1201,3053,5,115195
1202,4345,4,779055
1203,2296,4,664134
1204,553,1,676692
1205,1226,3,351286
1206,3236,1,835608
1207,3670,2,121540
1208,2413,3,743649
1209,2096,2,389092
1210,2414,5,895383
1211,2966,2,61755
1212,3237,5,827203
1213,1349,5,430129
1214,2609,2,658841
1215,502,2,184962
1216,4755,5,930808
1217,4569,3,306760
1218,1392,5,67175
1219,2530,4,902119
1220,3660,5,921415
1221,2876,3,531503
1222,2433,4,800071
1223,1880,1,729648
1224,4181,1,96629
1225,1790,3,691067
1226,2140,5,228872
1227,3182,2,742727
1228,1487,3,520970
1229,1718,4,380657
1230,1855,4,657050
1231,4765,1,210094
1232,4635,4,774689
1233,2060,3,969163
1234,1918,4,107941
1235,1454,3,355617
1236,1483,2,760958
1237,1474,1,66040
1238,4633,4,119806
1239,4472,3,718646
1240,1413,5,250211
1241,536,1,686364
1242,3887,2,105916
1243,2211,3,722960
1244,3520,2,445507
1245,1295,2,456339
1246,4536,4,840243
1247,3611,4,605564
1248,1824,3,235217
1249,817,5,917481
1250,2896,3,251750
1251,2662,5,269854
1252,3245,2,796403
1253,2091,1,994218
1254,3611,3,761045
1255,4430,3,717554
1256,2496,5,385206
1257,1812,2,200434
1258,1785,2,890931
1259,4811,5,620569
1260,2883,2,881284
1261,3739,4,836408
1262,2639,1,827981
1263,2204,3,554869
1264,862,1,753196
1265,3104,3,578883
1266,2216,4,670218
1267,4951,2,196474
1268,4786,5,311745
1269,4238,4,770643
1270,2969,1,404820
1271,1056,5,748083
1272,1325,2,232394
1273,3308,4,752124
1274,3219,5,468127
1275,4008,4,796648
1276,4241,4,855837
1277,2074,2,108122
1278,4498,3,804849
1279,2629,5,282661
1280,2903,2,703197
1281,3829,4,315591
1282,1088,2,234215
1283,2512,3,60662
1284,2047,5,506217
1285,794,3,632570
1286,2485,1,448115
1287,3617,5,865014
1288,2190,3,641759
1289,1636,4,697801
1290,2564,5,223285
1291,4955,5,681866
1292,1507,2,912303
1293,3014,4,657493
1294,4026,1,910513
1295,1747,3,942215
1296,4402,2,284631
1297,1935,3,133805
1298,1071,1,174698
1299,2882,1,218902
1300,1745,5,974570
1301,2584,1,60712
1302,777,3,393671
1303,2387,4,965885
1304,1765,4,701176
1305,1540,5,806686
1306,1417,3,568680
1307,1385,3,246437
1308,3252,1,661473
1309,521,3,411995
1310,3691,2,474022
1311,2853,1,586498
1312,1186,2,86972
1313,784,5,811254
1314,4247,4,346280
1315,1262,5,487513
1316,2928,4,952877
1317,3007,5,852377
1318,528,3,800561
1319,1406,2,391324
1320,3604,4,382597
1321,4499,1,921836
1322,3494,2,980728
1323,3006,1,53052
1324,4109,2,339416
1325,4053,2,353294
1326,1953,5,801564
1327,3856,4,198388
1328,1015,4,496605
1329,538,2,712600
1330,3842,3,933527
1331,1386,3,380918
1332,3344,1,879607
1333,2704,1,443781
1334,1598,5,66375
1335,2323,2,599998
1336,3701,1,755255
1337,3655,1,828912
1338,3593,2,720534
1339,4030,5,419170
1340,4278,1,530545
1341,3396,5,77597
1342,3953,4,386433
1343,4011,5,481613
1344,1488,3,135687
1345,4616,3,168968
1346,4526,5,614562
1347,4679,3,517453
1348,2182,4,253570
1349,4463,2,481413
1350,1433,3,622922
1351,4098,3,866473
1352,3733,5,974752
1353,2480,4,397509
1354,2355,2,969707
1355,3556,5,888418
1356,1292,5,861802
1357,1291,4,347391
1358,2309,2,960835
1359,2755,4,431688
1360,4110,2,256994
1361,2107,4,830768
1362,1484,5,443650
1363,4176,5,637270
1364,3880,1,901612
1365,1019,3,682822
1366,1090,4,739834
1367,1550,1,336788
1368,4133,3,612781
1369,4944,4,395968
1370,1459,2,564922
1371,1192,3,971463
1372,4399,5,883721
1373,4973,1,978647
1374,3446,3,482809
1375,1026,3,482331
1376,3724,5,816505
1377,2753,4,727900
1378,3844,2,347625
1379,4465,5,276577
1380,2375,2,651385
1381,2263,4,859010
1382,1020,3,980291
1383,1516,2,384192
1384,616,1,564771
1385,2933,1,233951
1386,1083,5,191668
1387,894,4,503885
1388,4288,5,463146
1389,3268,5,229022
1390,4667,5,932169
1391,4360,1,330831
1392,773,1,496049
1393,2513,5,172540
1394,4933,1,741349
1395,1889,4,866615
1396,4066,5,332902
1397,665,1,706442
1398,2067,2,812301
1399,1228,5,670656
1400,2543,5,620179
1401,4697,4,96901
1402,3996,3,526728
1403,1278,3,416056
1404,713,4,645350
1405,4262,4,539838
1406,2076,4,726923
1407,2948,3,908440
1408,3436,4,445991
1409,3617,1,983332
1410,1091,5,553528
1411,3220,5,569149
1412,1213,2,854406
1413,1435,2,727748
1414,4837,5,654879
1415,501,1,302990
1416,3348,3,330759
1417,4544,3,72838
1418,2449,1,352872
1419,1417,3,690537
1420,3674,4,652288
1421,2741,5,364942
1422,589,5,515992
1423,2209,1,987126
1424,2669,3,194608
1425,4738,2,186772
1426,3541,2,744199
1427,605,3,846680
1428,1386,2,95291
1429,927,1,919061
1430,2395,1,265963
1431,816,3,175612
1432,1134,2,591465
1433,2425,1,462699
1434,2556,1,93815
1435,3644,4,874965
1436,2770,4,836458
1437,1939,1,154997
1438,1052,3,110611
1439,1215,5,661530
1440,4411,5,467876
1441,2213,1,760463
1442,3889,1,417057
1443,1607,1,92082
1444,4706,3,197330
1445,750,4,677901
1446,2930,1,934747
1447,2554,1,926122
1448,958,2,145220
1449,707,3,589677
1450,1399,1,141860
1451,3961,2,733045
1452,3885,5,502436
1453,521,1,994699
1454,909,1,71797
1455,1394,2,948407
1456,1014,3,933601
1457,4609,1,820227
1458,2634,5,640620
1459,4095,1,810943
1460,3456,5,274997
1461,2060,4,506123
1462,1766,4,450404
1463,2669,5,335840
1464,4138,3,52024
1465,1249,1,479201
1466,3927,1,711944
1467,2427,4,403142
1468,4304,5,208116
1469,4202,1,831627
1470,2856,1,317429
1471,2835,3,506331
1472,806,2,843802
1473,4165,4,67903
1474,2489,4,737859
1475,1161,2,934336
1476,811,1,859427
1477,3420,3,417304
1478,1582,3,478416
1479,3471,4,662665
1480,1254,3,251474
1481,4630,2,456782
1482,852,1,874254
1483,1402,2,419556
1484,4388,5,887654
1485,658,4,930520
1486,2477,3,543301
1487,1456,5,402594
1488,2571,3,493884
1489,903,1,683654
1490,3279,1,422222
1491,1887,1,638141
1492,3953,3,235715
1493,1455,5,960226
1494,2212,1,203405
1495,1773,5,459174
1496,4311,3,626730
1497,3125,5,464170
1498,2882,3,280755
1499,1941,3,583963
1500,3479,4,139590
1501,2297,3,420714
1502,4890,3,343805
1503,4509,2,638577
1504,1894,1,67184
1505,4781,4,884395
1506,1769,4,731182
1507,4214,4,505519
1508,1029,2,257537
1509,4123,3,841699
1510,3458,1,233719
1511,3414,5,899246
1512,4091,3,872457
1513,2647,2,171246
1514,3869,3,389749
1515,1439,3,706341
1516,1025,2,879868
1517,501,4,723832
1518,874,4,200408
1519,2840,1,730947
1520,4505,1,913624
1521,3552,4,287439
1522,2865,5,957023
1523,2025,3,396655
1524,4976,5,583953
1525,2146,3,732457
1526,513,4,927709
1527,2778,1,626762
1528,3655,1,777333
1529,629,5,468401
1530,4314,1,125911
1531,3716,4,142643
1532,3438,5,866916
1533,4428,3,309383
1534,2540,1,413309
1535,527,2,226682
1536,2613,1,756167
1537,1752,3,862267
1538,4856,5,800639
1539,2546,3,146453
1540,4523,2,628078
1541,4896,4,782320
1542,3874,1,846075
1543,3966,5,387990
1544,3581,4,462167
1545,4278,3,535320
1546,1129,5,458449
1547,769,4,587488
1548,3139,5,626563
1549,2493,2,519284
1550,3391,2,925433
1551,3932,1,726651
1552,1780,1,354592
1553,2860,2,998084
1554,1075,5,665973
1555,1807,2,464562
1556,3692,1,847051
1557,3678,2,679742
1558,3234,2,576054
1559,2712,5,839981
1560,2852,4,724053
1561,4068,1,505235
1562,2155,5,540674
1563,2079,2,830644
1564,2703,2,944370
1565,1890,4,964105
1566,2242,1,543496
1567,2425,1,884760
1568,1119,3,520917
1569,1774,1,270172
1570,1456,4,75301
1571,2439,3,619051
1572,4453,3,201837
1573,2881,2,881219
1574,1468,2,957107
1575,1816,1,57425
1576,1543,3,325001
1577,781,2,233843
1578,3344,4,405143
1579,1558,2,465660
1580,4793,2,833849
1581,3032,3,615745
1582,4328,3,545496
1583,1508,5,785101
1584,1729,4,443920
1585,1535,3,579740
1586,775,1,161153
1587,3240,4,875294
1588,2789,4,242543
1589,1739,3,529274
1590,625,4,330444
1591,4565,3,977070
1592,4812,2,450717
1593,4368,5,51845
1594,1708,2,169342
1595,3749,3,875613
1596,1418,3,500479
1597,4423,2,811654
1598,4903,1,813292
1599,2469,1,768398
1600,3293,1,298850
1601,1391,3,788650
1602,4970,4,297688
1603,2533,3,608692
1604,1864,4,596852
1605,628,2,672186
1606,1514,5,330371
1607,2299,4,570919
1608,2018,1,145259
1609,4681,3,174451
1610,1698,2,490691
1611,4373,1,67215
1612,2974,2,180577
1613,3985,5,832680
1614,4549,3,121074
1615,4219,3,989203
1616,802,5,682909
1617,4452,3,979958
1618,1486,4,753577
1619,2363,2,156759
1620,4940,1,178471
1621,3572,5,858143
1622,3624,4,458275
1623,1827,1,622686
1624,2908,1,837718
1625,4173,5,215369
1626,3791,4,682592
1627,4533,1,154959
1628,1203,1,289317
1629,1074,4,731845
1630,3732,3,372111
1631,3132,1,934235
1632,4328,2,179745
1633,3730,4,104583
1634,988,1,698365
1635,1847,5,494846
1636,4181,2,161359
1637,3673,1,601374
1638,2167,2,721844
1639,2137,2,773983
1640,4614,3,678420
1641,4053,2,565329
1642,1500,3,109263
1643,1350,4,724035
1644,1888,3,956587
1645,4212,5,110664
1646,1867,1,467896
1647,1321,4,984581
1648,954,4,956906
1649,2124,5,389112
1650,3272,3,970995
1651,4226,1,751486
1652,3647,3,817018
1653,4589,2,446608
1654,2690,3,505473
1655,1416,4,117804
1656,4486,1,874832
1657,3375,3,479767
1658,1940,1,864520
1659,4900,1,261087
1660,1235,2,992969
1661,4068,2,491371
1662,3838,4,137893
1663,3515,5,842401
1664,3389,1,58981
1665,1461,5,464248
1666,3489,4,366235
1667,4348,1,157154
1668,1526,1,336552
1669,4365,5,729601
1670,3363,3,884372
1671,3001,2,526154
1672,2447,3,756465
1673,1677,5,242122
1674,511,2,53657
1675,4899,3,857662
1676,3864,2,986184
1677,3522,1,263766
1678,3871,3,659019
1679,3330,2,223412
1680,542,2,741310
1681,1443,2,713227
1682,2890,3,783902
1683,3045,4,54329
1684,2911,3,348009
1685,1504,5,772300
1686,520,3,569897
1687,906,2,87869
1688,1514,1,247977
1689,4931,3,956617
1690,2338,3,548185
1691,3688,2,133984
1692,1214,1,961604
1693,4646,1,151069
1694,4354,5,298577
1695,4919,3,926143
1696,640,1,378396
1697,1463,1,391530
1698,872,4,168728
1699,4135,4,573846
1700,3041,1,969215
1701,4110,5,75801
1702,2192,1,792647
1703,605,2,809925
1704,2181,3,664997
1705,4597,5,365414
1706,4516,2,514838
1707,3136,5,891967
1708,2637,2,305560
1709,3916,3,818026
1710,4945,3,782119
1711,4030,4,66220
1712,1786,2,325536
1713,3679,4,528803
1714,4154,2,445462
1715,2859,4,332154
1716,944,3,176951
1717,535,5,380502
1718,1975,4,533419
1719,4457,2,198306
1720,2298,2,932622
1721,2345,3,690083
1722,1908,2,492667
1723,2208,1,959222
1724,3438,5,175223
1725,1800,4,572886
1726,1743,5,649493
1727,4476,3,465000
1728,3597,4,997176
1729,509,4,51082
1730,2925,1,454364
1731,2160,3,208566
1732,3131,2,911525
1733,1572,1,364096
1734,3725,1,86719
1735,1816,5,98737
1736,4645,5,502669
1737,4183,5,157271
1738,3773,1,744896
1739,645,2,231676
1740,3540,4,494049
1741,1962,5,981543
1742,2084,2,642127
1743,982,3,884363
1744,3679,5,352069
1745,1749,4,232075
1746,1130,3,492113
1747,1161,3,137745
1748,4003,4,176298
1749,3352,5,667997
1750,2966,1,354431
1751,1487,4,796086
1752,2046,4,476228
1753,1149,4,681540
1754,1468,3,747143
1755,3137,2,421467
1756,1600,1,511531
1757,940,5,789126
1758,1269,5,489707
1759,1843,2,270013
1760,4858,4,501800
1761,4229,1,849235
1762,4406,5,230697
1763,2077,5,693107
1764,4508,4,929793
1765,3851,2,63698
1766,2849,1,65376
1767,4102,2,526870
1768,1741,2,325261
1769,1625,1,286591
1770,3101,1,481172
1771,1690,5,98786
1772,4631,5,687293
1773,4948,1,268850
1774,572,3,378624
1775,2414,5,737055
1776,2972,3,969015
1777,3546,1,889665
1778,1207,5,423166
1779,2304,2,465718
1780,4213,1,493226
1781,3064,4,142529
1782,2975,3,517121
1783,4110,1,815784
1784,4755,1,489705
1785,3323,5,675207
1786,2235,5,919965
1787,2085,5,524381
1788,566,4,999453
1789,3561,5,522803
1790,2928,1,536275
1791,4653,5,772670
1792,841,2,259870
1793,3274,5,643695
1794,3317,4,648097
1795,3161,2,329373
1796,1732,1,994889
1797,4374,1,616464
1798,2901,3,669113
1799,1994,2,970764
1800,4711,3,147555
1801,1161,2,577433
1802,4383,2,147289
1803,4119,4,713162
1804,2368,3,838695
1805,2834,4,470129
1806,3874,2,107788
1807,1516,1,713515
1808,4906,2,706282
1809,707,4,777591
1810,3165,3,201744
1811,2993,3,219598
1812,1132,4,881776
1813,2602,3,959251
1814,3459,5,462230
1815,3583,1,647640
1816,2431,1,534495
1817,4219,1,352468
1818,3062,3,557745
1819,2179,3,930507
1820,736,2,276710
1821,4943,2,744058
1822,2040,1,913601
1823,4443,5,859816
1824,863,2,577800
1825,2868,2,973570
1826,785,3,736860
1827,648,5,173775
1828,4537,1,128743
1829,2266,2,397786
1830,1512,5,441731
1831,3331,5,654146
1832,3007,1,629088
1833,2023,5,506356
1834,3285,5,674652
1835,3056,5,555533
1836,4225,2,314531
1837,2101,1,237232
1838,2908,5,778927
1839,840,5,182871
1840,3317,2,169095
1841,2996,1,609836
1842,2225,3,140450
1843,2189,2,679957
1844,3767,1,916603
1845,4906,5,483595
1846,761,1,357558
1847,1942,1,647359
1848,905,1,687096
1849,2690,3,550884
1850,4937,1,128591
1851,743,3,798501
1852,4607,5,316441
1853,1060,3,683801
1854,4637,5,965100
1855,3225,5,922911
1856,1093,3,148752
1857,2326,2,186080
1858,3729,4,267885
1859,3787,1,427625
1860,4573,4,197892
1861,633,1,514764
1862,3638,1,203325
1863,4419,5,472418
1864,572,1,996740
1865,4994,1,641444
1866,4725,3,817248
1867,3478,4,110263
1868,4861,3,955428
1869,2485,1,673540
1870,1292,5,168632
1871,4759,3,911287
1872,594,3,66575
1873,1633,2,324348
1874,737,1,61952
1875,3446,5,569826
1876,3030,3,133323
1877,2460,3,756502
1878,1548,5,214944
1879,3029,1,734736
1880,3464,2,771444
1881,1463,3,192712
1882,1036,2,338581
1883,4723,4,177129
1884,4179,1,924113
1885,4687,4,828810
1886,4224,4,582191
1887,1042,4,264776
1888,1345,1,601151
1889,4103,1,355525
1890,3536,5,864980
1891,2994,2,493172
1892,4985,2,585755
1893,3219,5,370098
1894,2384,5,336045
1895,4638,4,859733
1896,4849,5,961118
1897,3701,3,807902
1898,3210,2,921612
1899,2453,5,644191
1900,4350,3,416099
1901,1189,3,983708
1902,2450,3,594043
1903,956,3,371961
1904,2630,4,838525
1905,4476,3,306094
1906,4744,4,512753
1907,1679,4,932751
1908,4785,3,335084
1909,4065,2,749400
1910,1382,3,703002
1911,899,3,141544
1912,1108,3,658725
1913,2138,2,405113
1914,2648,1,157001
1915,1882,1,137725
1916,1903,4,427928
1917,1319,4,160675
1918,3792,2,144266
1919,1319,5,321380
1920,919,1,909029
1921,4719,4,265196
1922,3802,1,184974
1923,2008,2,673944
1924,1267,2,346508
1925,2544,5,681359
1926,2639,5,406554
1927,3529,2,201168
1928,2049,4,193092
1929,2264,1,632761
1930,3145,3,291472
1931,4216,5,356297
1932,4981,3,222349
1933,2793,4,350646
1934,3208,5,65675
1935,1400,3,991869
1936,3584,4,168384
1937,2509,1,128229
1938,741,4,663337
1939,2885,5,757508
1940,4768,2,401301
1941,1171,1,270319
1942,663,3,679999
1943,964,5,684378
1944,3542,2,929753
1945,2942,4,776262
1946,2855,2,862897
1947,4778,5,868718
1948,3057,5,104795
1949,1045,2,420283
1950,4335,4,784543
1951,1093,2,153845
1952,4304,5,362130
1953,1959,5,387540
1954,3993,3,891610
1955,3101,3,847177
1956,2944,1,828520
1957,3172,5,303730
1958,4700,3,253426
1959,516,2,916069
1960,3691,4,972532
1961,892,2,279333
1962,924,4,622854
1963,1071,3,880154
1964,4131,1,923055
1965,1620,2,423218
1966,741,2,649262
1967,4397,2,526908
1968,4595,4,396228
1969,2779,3,220951
1970,1288,2,467983
1971,1214,2,298595
1972,3349,1,953785
1973,1275,1,678705
1974,4526,3,904531
1975,2747,3,229729
1976,578,5,189570
1977,4426,1,254739
1978,1355,5,337251
1979,2648,4,734153
1980,1531,5,970200
1981,3771,2,890271
1982,4076,5,663529
1983,4682,3,597685
1984,3956,4,581992
1985,4006,2,852874
1986,907,5,769148
1987,3211,4,179576
1988,3588,4,59765
1989,2168,2,427972
1990,647,5,60002
1991,4827,4,834141
1992,4397,4,847822
1993,2450,1,225508
1994,865,4,308446
1995,2174,1,527698
1996,4994,5,295620
1997,3046,5,580929
1998,1062,5,476925
1999,4062,3,161119
2000,2989,5,482525
